{
    "$schema": "https://json-schema.org/draft/2020-12/schema",
    "variantInternalId": "GRCh37-1-55505652-G-A",
    "variation": {
        "location": {
            "interval": {
                "end": {
                    "type": "Number",
                    "value": 5505653
                },
                "start": {
                    "type": "Number",
                    "value": 5505652
                },
                "type": "SequenceInterval"
            },
            "sequence_id": "refseq:NC_000001.10",
            "type": "SequenceLocation"
        },
        "state": {
            "sequence": "A",
            "type": "SequenceState"
        },
        "type": "Allele"
    }
}