{
    "$comment": "version: ga4gh-beacon-cohort-v2.0.0",
    "$defs": {
        "CohortCriteria": {
            "description": "Criteria used for defining the cohort. It is assumed that all cohort participants will match or NOT match such criteria.",
            "properties": {
                "ageRange": {
                    "$ref": "../common/ageRange.json",
                    "description": "Individual age range in cohort inclusion criteria"
                },
                "diseaseConditions": {
                    "description": "Diseases in cohort inclusion criteria",
                    "items": {
                        "$ref": "../common/disease.json"
                    },
                    "type": "array"
                },
                "ethnicities": {
                    "description": "Ethnias in cohort inclusion criteria",
                    "items": {
                        "$ref": "../common/commonDefinitions.json#/$defs/Ethnicity"
                    },
                    "type": "array"
                },
                "genders": {
                    "description": "Gender(s) in cohort inclusion criteria",
                    "items": {
                        "$ref": "../common/commonDefinitions.json#/$defs/Sex"
                    },
                    "type": "array"
                },
                "locations": {
                    "description": "Geographic location(s) in cohort inclusion criteria",
                    "items": {
                        "$ref": "../common/commonDefinitions.json#/$defs/GeographicLocation"
                    },
                    "type": "array"
                },
                "phenotypicConditions": {
                    "description": "Phenotypic condition(s) in cohort inclusion criteria",
                    "items": {
                        "$ref": "../common/phenotypicFeature.json"
                    },
                    "type": "array"
                }
            },
            "type": "object"
        },
        "CollectionEvent": {
            "description": "TBD",
            "properties": {
                "eventAgeRange": {
                    "$ref": "#/$defs/DataAvailabilityAndDistribution",
                    "description": "Individual age range, obtained from individual level info of the cohort members"
                },
                "eventCases": {
                    "description": "number of cases",
                    "examples": [
                        543,
                        20
                    ],
                    "type": "integer"
                },
                "eventControls": {
                    "description": "number of controls",
                    "examples": [
                        1000,
                        22
                    ],
                    "type": "integer"
                },
                "eventDataTypes": {
                    "$ref": "#/$defs/DataAvailabilityAndDistribution",
                    "description": "Aggregated data type information available for each cohort data type as declared in `cohortDataTypes`, and obtained from individual level info of the cohort members",
                    "type": "object"
                },
                "eventDate": {
                    "description": "date of collection event/data point",
                    "examples": [
                        "2018-10-01T13:23:45Z",
                        "2019-04-23T09:11:13Z",
                        "2017-01-17T20:33:40Z"
                    ],
                    "format": "date-time",
                    "type": "string"
                },
                "eventDiseases": {
                    "$ref": "#/$defs/DataAvailabilityAndDistribution",
                    "description": "Aggregated information of disease/condition(s) obtained from individual level info of the cohort members"
                },
                "eventEthnicities": {
                    "$ref": "#/$defs/DataAvailabilityAndDistribution",
                    "description": "Aggregated information of ethnicity obtained from individual level info of the cohort members"
                },
                "eventGenders": {
                    "$ref": "#/$defs/DataAvailabilityAndDistribution",
                    "description": "Aggregated information of gender(s) obtained from individual level info of the cohort members"
                },
                "eventLocations": {
                    "$ref": "#/$defs/DataAvailabilityAndDistribution",
                    "description": "Aggregated information of geographic location obtained from individual level info of the cohort members"
                },
                "eventNum": {
                    "description": "cardinality of the collection event / data point in a series",
                    "examples": [
                        1,
                        2,
                        3,
                        4
                    ],
                    "type": "integer"
                },
                "eventPhenotypes": {
                    "$ref": "#/$defs/DataAvailabilityAndDistribution",
                    "description": "Aggregated information of phenotype(s) obtained from individual level info of the cohort members"
                },
                "eventSize": {
                    "description": "Count of individuals in cohort at data point (for \u00b4user-defined\u00b4 cohorts, this is individuals meeting criteria) obtained from individual level info in database.",
                    "examples": [
                        1543,
                        42
                    ],
                    "type": "integer"
                },
                "eventTimeline": {
                    "description": "Aggregated information of dates of visit | diagnostic | inclusion in study obtained from individual level info of the cohort members.",
                    "properties": {
                        "end": {
                            "description": "Latest date of visit or collection timeline",
                            "examples": [
                                "2018-10-01T13:23:45Z",
                                "2019-04-23T09:11:13Z",
                                "2017-01-17T20:33:40Z"
                            ],
                            "format": "date-time",
                            "type": "string"
                        },
                        "start": {
                            "description": "Earliest date of visit or collection timeline",
                            "examples": [
                                "2018-10-01T13:23:45Z",
                                "2019-04-23T09:11:13Z",
                                "2017-01-17T20:33:40Z"
                            ],
                            "format": "date-time",
                            "type": "string"
                        }
                    },
                    "type": "object"
                }
            },
            "type": "object"
        },
        "DataAvailabilityAndDistribution": {
            "description": "Aggregated information obtained from individual level info of the cohort members",
            "properties": {
                "availability": {
                    "description": "data availability",
                    "type": "boolean"
                },
                "availabilityCount": {
                    "description": "Count of individuals with data available",
                    "type": "integer"
                },
                "distribution": {
                    "additionalProperties": {
                        "type": "object"
                    },
                    "description": "List of categories and results or counts for each category.",
                    "examples": [
                        {
                            "genders": {
                                "female": 51,
                                "male": 50
                            }
                        }
                    ],
                    "properties": {},
                    "type": "object"
                }
            },
            "required": [
                "availability"
            ],
            "type": "object"
        },
        "DataTypesArray": {
            "description": "Type of information. Preferably values from Genomics Cohorts Knowledge Ontology (GeCKO) or others when GeCKO is not applicable.",
            "examples": [
                {
                    "id": "OGMS:0000015",
                    "label": "clinical history"
                },
                {
                    "id": "OBI:0000070",
                    "label": "genotyping assay"
                },
                {
                    "id": "OMIABIS:0000060",
                    "label": "survey data"
                }
            ],
            "items": {
                "$ref": "https://raw.githubusercontent.com/ga4gh-beacon/beacon-v2/main/framework/json/common/ontologyTerm.json"
            },
            "type": "array"
        }
    },
    "$schema": "https://json-schema.org/draft/2020-12/schema",
    "additionalProperties": true,
    "description": "A cohort available in the beacon.",
    "properties": {
        "cohortDataTypes": {
            "$ref": "#/$defs/DataTypesArray"
        },
        "cohortDesign": {
            "$ref": "https://raw.githubusercontent.com/ga4gh-beacon/beacon-v2/main/framework/json/common/ontologyTerm.json",
            "description": "Cohort type by its design. A plan specification comprised of protocols (which may specify how and what kinds of data will be gathered) that are executed as part of an investigation and is realized during a study design execution. Value from Ontologized MIABIS (OMIABIS) Study design ontology term tree (OBI:0500000).",
            "examples": [
                {
                    "id": "OMIABIS:0001017",
                    "label": "case control study design"
                },
                {
                    "id": "OMIABIS:0001019",
                    "label": "longitudinal study design"
                },
                {
                    "id": "OMIABIS:0001024",
                    "label": "twin study design"
                }
            ]
        },
        "cohortSize": {
            "description": "Count of unique Individuals in cohort (individuals meeting criteria for `user-defined` cohorts). If not previously known, it could be calculated by counting the individuals in the cohort.",
            "examples": [
                14765,
                20000
            ],
            "type": "integer"
        },
        "cohortType": {
            "default": "beacon-defined",
            "description": "Cohort type by its definition. If a cohort is declared `study-defined` or `beacon-defined` criteria are to be entered `in cohort_inclusion_criteria`; if a cohort is declared `user-defined` `cohort_inclusion_criteria` could be automatically populated from the parameters used to perform the query.",
            "enum": [
                "study-defined",
                "beacon-defined",
                "user-defined"
            ],
            "type": "string"
        },
        "collectionEvents": {
            "description": "TBD",
            "items": {
                "$ref": "#/$defs/CollectionEvent"
            },
            "type": "array"
        },
        "exclusionCriteria": {
            "$ref": "#/$defs/CohortCriteria",
            "description": "Exclusion criteria used for defining the cohort. It is assumed that NONE of the cohort participants will match such criteria.",
            "type": "object"
        },
        "id": {
            "description": "Cohort identifier. For `study-defined` or `beacon-defined` cohorts this field is set by the implementer. For `user-defined` this unique identifier could be generated upon the query that defined the cohort, but could be later edited by the user.",
            "examples": [
                "cohort-T2D-2010"
            ],
            "type": "string"
        },
        "inclusionCriteria": {
            "$ref": "#/$defs/CohortCriteria",
            "description": "Inclusion criteria used for defining the cohort. It is assumed that all cohort participants will match such criteria.",
            "type": "object"
        },
        "info": {
            "$ref": "../common/info.json"
        },
        "name": {
            "description": "Name of the cohort. For `user-defined` this field could be generated upon the query, e.g. a value that is a concatenationor some representation of the user query.",
            "examples": [
                "Wellcome Trust Case Control Consortium",
                "GCAT Genomes for Life"
            ],
            "type": "string"
        }
    },
    "required": [
        "id",
        "name",
        "cohortType"
    ],
    "type": "object"
}