{
    "components": {
        "parameters": {
            "entryId": {
                "in": "path",
                "name": "id",
                "required": true,
                "schema": {
                    "type": "string"
                }
            },
            "filters": {
                "examples": {
                    "example1": {
                        "value": [
                            "OMIABIS:0001017"
                        ]
                    }
                },
                "in": "query",
                "name": "filters",
                "schema": {
                    "items": {
                        "type": "string"
                    },
                    "type": "array"
                }
            },
            "limit": {
                "in": "query",
                "name": "limit",
                "schema": {
                    "$ref": "https://raw.githubusercontent.com/ga4gh-beacon/beacon-v2/main/framework/json/common/beaconCommonComponents.json#/$defs/Limit"
                }
            },
            "requestedSchema": {
                "description": "Schema to be used to format the `result` field in the response. The response will use Beacon format.",
                "example": "ga4gh-service-info-v1.0",
                "in": "query",
                "name": "requestedSchema",
                "required": false,
                "schema": {
                    "type": "string"
                }
            },
            "skip": {
                "in": "query",
                "name": "skip",
                "schema": {
                    "$ref": "https://raw.githubusercontent.com/ga4gh-beacon/beacon-v2/main/framework/json/common/beaconCommonComponents.json#/$defs/Skip"
                }
            }
        },
        "responses": {
            "CollectionsResponse": {
                "content": {
                    "application/json": {
                        "schema": {
                            "oneOf": [
                                {
                                    "$ref": "https://raw.githubusercontent.com/ga4gh-beacon/beacon-v2/main/framework/json/responses/beaconBooleanResponse.json"
                                },
                                {
                                    "$ref": "https://raw.githubusercontent.com/ga4gh-beacon/beacon-v2/main/framework/json/responses/beaconCountResponse.json"
                                },
                                {
                                    "$ref": "https://raw.githubusercontent.com/ga4gh-beacon/beacon-v2/main/framework/json/responses/beaconCollectionsResponse.json"
                                }
                            ]
                        }
                    }
                },
                "description": "Successful collection list operation."
            },
            "ResultsOKResponse": {
                "content": {
                    "application/json": {
                        "schema": {
                            "oneOf": [
                                {
                                    "$ref": "https://raw.githubusercontent.com/ga4gh-beacon/beacon-v2/main/framework/json/responses/beaconBooleanResponse.json"
                                },
                                {
                                    "$ref": "https://raw.githubusercontent.com/ga4gh-beacon/beacon-v2/main/framework/json/responses/beaconCountResponse.json"
                                },
                                {
                                    "$ref": "https://raw.githubusercontent.com/ga4gh-beacon/beacon-v2/main/framework/json/responses/beaconResultsetsResponse.json"
                                }
                            ]
                        }
                    }
                },
                "description": "Successful operation."
            }
        }
    },
    "info": {
        "contact": {
            "email": "beacon@ga4gh.org"
        },
        "description": "TBD",
        "license": {
            "name": "Apache 2.0",
            "url": "https://www.apache.org/licenses/LICENSE-2.0.html"
        },
        "title": "GA4GH Beacon API Specification - Cohorts Endpoints",
        "version": "2.0.0"
    },
    "openapi": "3.0.2",
    "paths": {
        "/cohorts": {
            "get": {
                "description": "Get a Beacon *cohorts* response",
                "operationId": "getCohorts",
                "parameters": [
                    {
                        "$ref": "#/components/parameters/requestedSchema"
                    },
                    {
                        "$ref": "#/components/parameters/skip"
                    },
                    {
                        "$ref": "#/components/parameters/limit"
                    },
                    {
                        "$ref": "#/components/parameters/filters"
                    }
                ],
                "responses": {
                    "200": {
                        "$ref": "#/components/responses/CollectionsResponse"
                    },
                    "default": {
                        "$ref": "https://raw.githubusercontent.com/ga4gh-beacon/beacon-v2/main/framework/json/responses/beaconErrorResponse.json"
                    }
                },
                "tags": [
                    "GET Endpoints"
                ]
            },
            "post": {
                "description": "Get a Beacon *cohorts* response",
                "operationId": "postCohortsRequest",
                "requestBody": {
                    "content": {
                        "application/json": {
                            "schema": {
                                "$ref": "https://raw.githubusercontent.com/ga4gh-beacon/beacon-v2/main/framework/json/requests/beaconRequestBody.json"
                            }
                        }
                    },
                    "required": true
                },
                "responses": {
                    "200": {
                        "$ref": "#/components/responses/CollectionsResponse"
                    },
                    "default": {
                        "content": {
                            "application/json": {
                                "schema": {
                                    "$ref": "https://raw.githubusercontent.com/ga4gh-beacon/beacon-v2/main/framework/json/responses/beaconErrorResponse.json"
                                }
                            }
                        },
                        "description": "An unsuccessful operation"
                    }
                },
                "tags": [
                    "POST Endpoints"
                ]
            }
        },
        "/cohorts/{id}": {
            "get": {
                "description": "Get details about one cohort, identified by its (unique) 'id'",
                "operationId": "getOneCohort",
                "parameters": [
                    {
                        "$ref": "#/components/parameters/requestedSchema"
                    }
                ],
                "responses": {
                    "200": {
                        "$ref": "#/components/responses/ResultsOKResponse"
                    },
                    "default": {
                        "content": {
                            "application/json": {
                                "schema": {
                                    "$ref": "https://raw.githubusercontent.com/ga4gh-beacon/beacon-v2/main/framework/json/responses/beaconErrorResponse.json"
                                }
                            }
                        },
                        "description": "An unsuccessful operation"
                    }
                },
                "tags": [
                    "GET Endpoints"
                ]
            },
            "parameters": [
                {
                    "$ref": "#/components/parameters/entryId"
                }
            ],
            "post": {
                "description": "Get details about one cohort, identified by its (unique) 'id'",
                "operationId": "postOneCohort",
                "requestBody": {
                    "content": {
                        "application/json": {
                            "schema": {
                                "$ref": "https://raw.githubusercontent.com/ga4gh-beacon/beacon-v2/main/framework/json/requests/beaconRequestBody.json"
                            }
                        }
                    },
                    "required": true
                },
                "responses": {
                    "200": {
                        "$ref": "#/components/responses/ResultsOKResponse"
                    },
                    "default": {
                        "content": {
                            "application/json": {
                                "schema": {
                                    "$ref": "https://raw.githubusercontent.com/ga4gh-beacon/beacon-v2/main/framework/json/responses/beaconErrorResponse.json"
                                }
                            }
                        },
                        "description": "An unsuccessful operation"
                    }
                },
                "tags": [
                    "POST Endpoints"
                ]
            }
        },
        "/cohorts/{id}/filtering_terms": {
            "get": {
                "description": "Get a response about the *filtering terms* that could be used with a given cohort, identified by its (unique) 'id'",
                "operationId": "getOneCohortFilteringTerms",
                "parameters": [
                    {
                        "$ref": "#/components/parameters/skip"
                    },
                    {
                        "$ref": "#/components/parameters/limit"
                    }
                ],
                "responses": {
                    "200": {
                        "content": {
                            "application/json": {
                                "schema": {
                                    "$ref": "https://raw.githubusercontent.com/ga4gh-beacon/beacon-v2/main/framework/json/responses/beaconFilteringTermsResponse.json"
                                }
                            }
                        },
                        "description": "Successful operation"
                    },
                    "default": {
                        "content": {
                            "application/json": {
                                "schema": {
                                    "$ref": "https://raw.githubusercontent.com/ga4gh-beacon/beacon-v2/main/framework/json/responses/beaconErrorResponse.json"
                                }
                            }
                        },
                        "description": "An unsuccessful operation"
                    }
                },
                "tags": [
                    "GET Endpoints"
                ]
            },
            "parameters": [
                {
                    "$ref": "#/components/parameters/entryId"
                }
            ],
            "post": {
                "description": "Get a response about the *filtering terms* that could be used with a given cohort, identified by its (unique) 'id'",
                "operationId": "postOneCohortFilteringTerms",
                "requestBody": {
                    "content": {
                        "application/json": {
                            "schema": {
                                "$ref": "https://raw.githubusercontent.com/ga4gh-beacon/beacon-v2/main/framework/json/requests/beaconRequestBody.json"
                            }
                        }
                    },
                    "required": true
                },
                "responses": {
                    "200": {
                        "content": {
                            "application/json": {
                                "schema": {
                                    "$ref": "https://raw.githubusercontent.com/ga4gh-beacon/beacon-v2/main/framework/json/responses/beaconFilteringTermsResponse.json"
                                }
                            }
                        },
                        "description": "Successful operation"
                    },
                    "default": {
                        "content": {
                            "application/json": {
                                "schema": {
                                    "$ref": "https://raw.githubusercontent.com/ga4gh-beacon/beacon-v2/main/framework/json/responses/beaconErrorResponse.json"
                                }
                            }
                        },
                        "description": "An unsuccessful operation"
                    }
                },
                "tags": [
                    "POST Endpoints"
                ]
            }
        },
        "/cohorts/{id}/individuals": {
            "get": {
                "description": "Get an *individuals* response for one cohort, identified by its (unique) 'id'",
                "operationId": "getOneCohortIndividuals",
                "parameters": [
                    {
                        "$ref": "#/components/parameters/requestedSchema"
                    },
                    {
                        "$ref": "#/components/parameters/skip"
                    },
                    {
                        "$ref": "#/components/parameters/limit"
                    }
                ],
                "responses": {
                    "200": {
                        "$ref": "#/components/responses/ResultsOKResponse"
                    },
                    "default": {
                        "content": {
                            "application/json": {
                                "schema": {
                                    "$ref": "https://raw.githubusercontent.com/ga4gh-beacon/beacon-v2/main/framework/json/responses/beaconErrorResponse.json"
                                }
                            }
                        },
                        "description": "An unsuccessful operation"
                    }
                },
                "tags": [
                    "GET Endpoints"
                ]
            },
            "parameters": [
                {
                    "$ref": "#/components/parameters/entryId"
                }
            ],
            "post": {
                "description": "Get an *individuals* response for one cohort, identified by its (unique) 'id'",
                "operationId": "postOneCohortEntries",
                "requestBody": {
                    "content": {
                        "application/json": {
                            "schema": {
                                "$ref": "https://raw.githubusercontent.com/ga4gh-beacon/beacon-v2/main/framework/json/requests/beaconRequestBody.json"
                            }
                        }
                    },
                    "required": true
                },
                "responses": {
                    "200": {
                        "$ref": "#/components/responses/ResultsOKResponse"
                    },
                    "default": {
                        "content": {
                            "application/json": {
                                "schema": {
                                    "$ref": "https://raw.githubusercontent.com/ga4gh-beacon/beacon-v2/main/framework/json/responses/beaconErrorResponse.json"
                                }
                            }
                        },
                        "description": "An unsuccessful operation"
                    }
                },
                "tags": [
                    "POST Endpoints"
                ]
            }
        }
    },
    "servers": [],
    "tags": [
        {
            "description": "Available endpoints in this API. All of them have a POST counterpart.",
            "name": "GET Endpoints"
        },
        {
            "description": "The same operations than GET, just by POST.",
            "name": "POST Endpoints"
        }
    ]
}