{
    "$schema": "https://json-schema.org/draft/2020-12/schema",
    "error": {
        "errorCode": 400,
        "errorMessage": "Bad request. Missing parameter 'id'."
    },
    "meta": {
        "apiVersion": "v2.0",
        "beaconId": "org.example.beacon.v2",
        "receivedRequestSummary": {
            "apiVersion": "v2.0",
            "filters": [
                "BTO:0000199",
                "PATO:0000383"
            ],
            "pagination": {
                "limit": 10,
                "skip": 1
            },
            "requestParameters": [
                {
                    "entity": "individual",
                    "parameters": [
                        {
                            "id": "123"
                        },
                        {
                            "position": "1234556"
                        }
                    ]
                }
            ],
            "requestedSchemas": [
                {
                    "entityType": "Individual",
                    "schema": "ga4gh-phenopacket-individual-v0.1"
                }
            ]
        },
        "returnedSchemas": []
    }
}