{
    "$schema": "https://json-schema.org/draft/2020-12/schema",
    "cohortDataTypes": [
        {
            "id": "OGMS:0000015",
            "label": "clinical history"
        },
        {
            "id": "OBI:0000070",
            "label": "genotyping assay"
        },
        {
            "id": "OMIABIS:0000060",
            "label": "survey data"
        }
    ],
    "cohortDesign": {
        "id": "OMIABIS:0001019",
        "label": "longitudinal study design"
    },
    "cohortSize": 20000,
    "cohortType": "study-defined",
    "collectionEvents": [
        {
            "eventDataTypes": {
                "availability": true,
                "distribution": {
                    "dataTypes": {
                        "blood collected from fasting subject": 51,
                        "survey data": 98
                    }
                }
            },
            "eventDate": "2019-04-23",
            "eventEthnicities": {
                "availability": true,
                "availabilityCount": 101,
                "distribution": {
                    "ethnicities": {
                        "African": 3,
                        "European": 90,
                        "Latin American": 8
                    }
                }
            },
            "eventGenders": {
                "availability": true,
                "availabilityCount": 101,
                "distribution": {
                    "genders": {
                        "female": 51,
                        "male": 50
                    }
                }
            },
            "eventNum": 1,
            "eventSize": 101
        }
    ],
    "id": "cohort0001",
    "inclusionCriteria": {
        "ageRange": {
            "end": {
                "iso8601duration": "P40Y"
            },
            "start": {
                "iso8601duration": "P18Y"
            }
        },
        "genders": [
            {
                "id": "NCIT:C16576",
                "label": "female"
            },
            {
                "id": "NCIT:C20197",
                "label": "male"
            }
        ],
        "locations": [
            {
                "id": "GAZ:00004501",
                "label": "Catalonia Autonomous Community"
            }
        ]
    },
    "name": "GCAT Genomes for Life"
}