{
    "$schema": "https://json-schema.org/draft/2020-12/schema",
    "endpointSets": {
        "dataset": {
            "endpoints": {
                "exampleEntries": {
                    "returnedEntryType": "exampleEntry",
                    "url": "https://exampleBeacons.org/datasets/{id}/exampleEntries"
                }
            },
            "entryType": "dataset",
            "filteringTermsUrl": "https://exampleBeacons.org/datasets/{id}/filteringTerms",
            "openAPIEndpointsDefinition": "./datasets/endpoints.json",
            "rootUrl": "https://exampleBeacons.org/datasets",
            "singleEntryUrl": "https://exampleBeacons.org/datasets/{id}"
        },
        "exampleEntry": {
            "entryType": "exampleEntry",
            "filteringTermsUrl": "https://exampleBeacons.org/exampleEntries/{id}/filteringTerms",
            "openAPIEndpointsDefinition": "./exampleEntries/endpoints.json",
            "rootUrl": "https://exampleBeacons.org/exampleEntries",
            "singleEntryUrl": "https://exampleBeacons.org/exampleEntries/{id}"
        }
    }
}