{
    "$schema": "https://json-schema.org/draft/2020-12/schema",
    "aCollectionOf": [
        {
            "id": "exampleEntry",
            "name": "Example entries"
        }
    ],
    "defaultSchema": {
        "id": "datasetDefaultSchema",
        "name": "Default schema for datasets",
        "referenceToSchemaDefinition": "./datasets/defaultSchema.json",
        "schemaVersion": "v.2"
    },
    "id": "dataset",
    "name": "Dataset",
    "ontologyTermForThisType": {
        "id": "NCIT:C47824",
        "label": "Data set"
    },
    "partOfSpecification": "Beacon v2.0"
}