{
    "$schema": "https://json-schema.org/draft/2020-12/schema",
    "endpointSets": {
        "analysisEndpoints": {
            "endpoints": {
                "genomicVariantLookup": {
                    "returnedEntryType": "genomicVariant",
                    "url": "https://exampleBeacons.org/analyses/{id}/g_variants"
                }
            },
            "entryType": "analysis",
            "openAPIEndpointsDefinition": "https://exampleBeacons.org/analyses/endpoints.json",
            "rootUrl": "https://exampleBeacons.org/analyses",
            "singleEntryUrl": "https://exampleBeacons.org/analyses/{id}"
        },
        "biosampleEndpoints": {
            "endpoints": {
                "analysisLookup": {
                    "returnedEntryType": "analysis",
                    "url": "https://exampleBeacons.org/biosamples/{id}/analyses"
                },
                "genomicVariantLookup": {
                    "returnedEntryType": "genomicVariant",
                    "url": "https://exampleBeacons.org/biosamples/{id}/g_variants"
                },
                "runLookup": {
                    "returnedEntryType": "run",
                    "url": "https://exampleBeacons.org/biosamples/{id}/runs"
                }
            },
            "entryType": "biosample",
            "openAPIEndpointsDefinition": "https://exampleBeacons.org/biosamples/endpoints.json",
            "rootUrl": "https://exampleBeacons.org/biosamples",
            "singleEntryUrl": "https://exampleBeacons.org/biosamples/{id}"
        },
        "cohortEndpoints": {
            "endpoints": {
                "analysisLookup": {
                    "returnedEntryType": "analysis",
                    "url": "https://exampleBeacons.org/cohorts/{id}/analyses"
                },
                "biosampleLookup": {
                    "returnedEntryType": "biosample",
                    "url": "https://exampleBeacons.org/cohorts/{id}/biosamples"
                },
                "genomicVariantLookup": {
                    "returnedEntryType": "genomicVariant",
                    "url": "https://exampleBeacons.org/cohorts/{id}/g_variants"
                },
                "individualLookup": {
                    "returnedEntryType": "individual",
                    "url": "https://exampleBeacons.org/cohorts/{id}/individuals"
                },
                "runLookup": {
                    "returnedEntryType": "run",
                    "url": "https://exampleBeacons.org/cohorts/{id}/runs"
                }
            },
            "entryType": "cohort",
            "filteringTermsUrl": "https://exampleBeacons.org/cohorts/{id}/filtering_terms",
            "openAPIEndpointsDefinition": "https://exampleBeacons.org/cohorts/endpoints.json",
            "rootUrl": "https://exampleBeacons.org/cohorts",
            "singleEntryUrl": "https://exampleBeacons.org/cohorts/{id}"
        },
        "datasetEndpoints": {
            "endpoints": {
                "analysisLookup": {
                    "returnedEntryType": "analysis",
                    "url": "https://exampleBeacons.org/datasets/{id}/analyses"
                },
                "biosampleLookup": {
                    "returnedEntryType": "biosample",
                    "url": "https://exampleBeacons.org/datasets/{id}/biosamples"
                },
                "genomicVariantLookup": {
                    "returnedEntryType": "genomicVariant",
                    "url": "https://exampleBeacons.org/datasets/{id}/g_variants"
                },
                "individualLookup": {
                    "returnedEntryType": "individual",
                    "url": "https://exampleBeacons.org/datasets/{id}/individuals"
                },
                "runLookup": {
                    "returnedEntryType": "run",
                    "url": "https://exampleBeacons.org/datasets/{id}/runs"
                }
            },
            "entryType": "dataset",
            "filteringTermsUrl": "https://exampleBeacons.org/datasets/{id}/filtering_terms",
            "openAPIEndpointsDefinition": "https://exampleBeacons.org/datasets/endpoints.json",
            "rootUrl": "https://exampleBeacons.org/datasets",
            "singleEntryUrl": "https://exampleBeacons.org/datasets/{id}"
        },
        "genomicVariantEndpoints": {
            "endpoints": {
                "analysisLookup": {
                    "returnedEntryType": "analysis",
                    "url": "https://exampleBeacons.org/g_variants/{id}/analyses"
                },
                "biosampleLookup": {
                    "returnedEntryType": "biosample",
                    "url": "https://exampleBeacons.org/g_variants/{id}/biosamples"
                },
                "individualLookup": {
                    "returnedEntryType": "individual",
                    "url": "https://exampleBeacons.org/g_variants/{id}/individuals"
                },
                "runLookup": {
                    "returnedEntryType": "run",
                    "url": "https://exampleBeacons.org/g_variants/{id}/runs"
                }
            },
            "entryType": "genomicVariant",
            "openAPIEndpointsDefinition": "https://exampleBeacons.org/genomicVariations/endpoints.json",
            "rootUrl": "https://exampleBeacons.org/g_variants",
            "singleEntryUrl": "https://exampleBeacons.org/g_variants/{id}"
        },
        "individualEndpoints": {
            "endpoints": {
                "analysisLookup": {
                    "returnedEntryType": "analysis",
                    "url": "https://exampleBeacons.org/individuals/{id}/analyses"
                },
                "biosampleLookup": {
                    "returnedEntryType": "biosample",
                    "url": "https://exampleBeacons.org/individuals/{id}/biosamples"
                },
                "genomicVariantLookup": {
                    "returnedEntryType": "genomicVariant",
                    "url": "https://exampleBeacons.org/individuals/{id}/g_variants"
                },
                "runLookup": {
                    "returnedEntryType": "run",
                    "url": "https://exampleBeacons.org/individuals/{id}/runs"
                }
            },
            "entryType": "individual",
            "filteringTermsUrl": "https://exampleBeacons.org/individuals/{id}/filtering_terms",
            "openAPIEndpointsDefinition": "https://exampleBeacons.org/individuals/endpoints.json",
            "rootUrl": "https://exampleBeacons.org/individuals",
            "singleEntryUrl": "https://exampleBeacons.org/individuals/{id}"
        },
        "runEndpoints": {
            "endpoints": {
                "analysisLookup": {
                    "returnedEntryType": "analysis",
                    "url": "https://exampleBeacons.org/runs/{id}/analyses"
                },
                "genomicVariantLookup": {
                    "returnedEntryType": "genomicVariant",
                    "url": "https://exampleBeacons.org/runs/{id}/g_variants"
                }
            },
            "entryType": "run",
            "openAPIEndpointsDefinition": "https://exampleBeacons.org/runs/endpoints.json",
            "rootUrl": "https://exampleBeacons.org/runs",
            "singleEntryUrl": "https://exampleBeacons.org/runs/{id}"
        }
    }
}