{
    "$comment": "TO REVIEW: the required properties below results in a warning in the example.",
    "$schema": "https://json-schema.org/draft/2020-12/schema",
    "additionalProperties": true,
    "description": "Meta information about the response.",
    "properties": {
        "apiVersion": {
            "$ref": "../../common/beaconCommonComponents.json#/$defs/ApiVersion"
        },
        "beaconId": {
            "$ref": "../../common/beaconCommonComponents.json#/$defs/BeaconId"
        },
        "returnedSchemas": {
            "$ref": "../../common/beaconCommonComponents.json#/$defs/ListOfSchemas"
        }
    },
    "required": [
        "beaconId",
        "apiVersion",
        "returnedSchemas"
    ],
    "type": "object"
}