{
    "$defs": {
        "BeaconOrganization": {
            "description": "Organization owning the Beacon.",
            "properties": {
                "address": {
                    "description": "Address of the organization.",
                    "type": "string"
                },
                "contactUrl": {
                    "description": "URL with the contact for the Beacon operator/maintainer, e.g. link to a contact form (RFC 3986 format) or an email (RFC 2368 format).",
                    "type": "string"
                },
                "description": {
                    "description": "Description of the organization.",
                    "type": "string"
                },
                "id": {
                    "description": "Unique identifier of the organization.",
                    "type": "string"
                },
                "info": {
                    "$ref": "../../common/info.json",
                    "description": "Additional unspecified metadata about the host Organization."
                },
                "logoUrl": {
                    "description": "URL to the logo (PNG/JPG/SVG format) of the organization (RFC 3986 format).",
                    "type": "string"
                },
                "name": {
                    "description": "Name of the organization.",
                    "type": "string"
                },
                "welcomeUrl": {
                    "description": "URL of the website of the organization (RFC 3986 format).",
                    "type": "string"
                }
            },
            "required": [
                "id",
                "name"
            ],
            "type": "object"
        }
    },
    "$schema": "https://json-schema.org/draft/2020-12/schema",
    "additionalProperties": true,
    "description": "Metadata describing a Beacon instance.",
    "properties": {
        "alternativeUrl": {
            "description": "Alternative URL to the API, e.g. a restricted version of this Beacon (RFC 3986 format).",
            "examples": [
                "https://example.org/beacon/authenticated"
            ],
            "type": "string"
        },
        "apiVersion": {
            "$ref": "../../common/beaconCommonComponents.json#/$defs/ApiVersion"
        },
        "createDateTime": {
            "description": "The date/time the Beacon was created (ISO 8601 format).",
            "examples": [
                "2014-07-19",
                "2017-01-17 20:33:40+00:00"
            ],
            "type": "string"
        },
        "description": {
            "description": "Description of the Beacon.",
            "type": "string"
        },
        "environment": {
            "description": "Environment the service is running in. Use this to distinguish\nbetween production, development and testing/staging deployments.",
            "enum": [
                "prod",
                "test",
                "dev",
                "staging"
            ],
            "examples": [
                "dev"
            ],
            "type": "string"
        },
        "id": {
            "$ref": "../../common/beaconCommonComponents.json#/$defs/BeaconId"
        },
        "info": {
            "$ref": "../../common/info.json",
            "description": "Additional unspecified metadata about the Beacon service."
        },
        "name": {
            "description": "Name of the Beacon.",
            "type": "string"
        },
        "organization": {
            "$ref": "#/$defs/BeaconOrganization"
        },
        "updateDateTime": {
            "description": "The time the Beacon was updated in (ISO 8601 format).",
            "examples": [
                "2014-07-19",
                "2017-01-17 20:33:40+00:00"
            ],
            "type": "string"
        },
        "version": {
            "$ref": "../../common/beaconCommonComponents.json#/$defs/ApiVersion",
            "description": "TODO: This is a legacy use / duplication?"
        },
        "welcomeUrl": {
            "description": "URL to the welcome page for this Beacon (RFC 3986 format).",
            "example": "https://example.org/wiki/Main_Page",
            "type": "string"
        }
    },
    "required": [
        "id",
        "name",
        "apiVersion",
        "environment",
        "organization"
    ],
    "type": "object"
}