{
    "$defs": {
        "FilteringTermInResponse": {
            "description": "Entities can be filtered using this term.",
            "properties": {
                "id": {
                    "description": "The field id in the case of numeric or alphanumeric fields, or the term id in the case of ontology or custom terms. CURIE syntax in the case of an ontology term.",
                    "examples": [
                        "NCIT:C8936",
                        "HP:0008773"
                    ],
                    "type": "string"
                },
                "label": {
                    "description": "This would be the \"preferred Label\" in the case of an ontology term.",
                    "examples": [
                        "B Lymphoblastic Leukemia/Lymphoma",
                        "Aplasia/Hypoplasia of the middle ear"
                    ],
                    "type": "string"
                },
                "scopes": {
                    "description": "Entry types affected by this filter.",
                    "examples": [
                        [
                            "individual",
                            "biosample",
                            "analysis",
                            "run",
                            "genomicVariation"
                        ],
                        [
                            "biosample"
                        ]
                    ],
                    "items": {
                        "type": "string"
                    },
                    "type": "array"
                },
                "type": {
                    "description": "Either \"custom\", \"alphanumeric\" or ontology/terminology full name. TODO: An ontology ... with a registered prefix does not need a full name so one may better use CURIE to indicate that the resource can be retrieved from the id. This also will allow to provide an enum here.",
                    "examples": [
                        "Human Phenotype Ontology",
                        "alphanumeric"
                    ],
                    "type": "string"
                },
                "values": {
                    "description": "Optional list of possible values for alphanumeric filters",
                    "examples": [
                        [
                            "benign",
                            "likely benign",
                            "pathogenic"
                        ],
                        [
                            "pathogenic"
                        ]
                    ],
                    "items": {
                        "type": "string"
                    },
                    "minItems": 1,
                    "type": "array"
                }
            },
            "required": [
                "type",
                "id"
            ],
            "type": "object"
        },
        "Resource": {
            "description": "Description of an ontology resource defined externally to this beacon implementation, such as MeSH or EFO, based on the phenopackets resource object (https://phenopacket-schema.readthedocs.io/en/latest/resource.html)",
            "properties": {
                "id": {
                    "description": "Preferably OBO ID representing the resource; alternatively a URI pointing towards the definitions may be used if not in OBO.",
                    "examples": [
                        "hp"
                    ],
                    "type": "string"
                },
                "iriPrefix": {
                    "description": "The full Internationalized Resource Identifier (IRI) prefix",
                    "examples": [
                        "https://purl.obolibrary.org/obo/HP_"
                    ],
                    "type": "string"
                },
                "name": {
                    "description": "The name of the ontology referred to by the id element",
                    "examples": [
                        "Human Phenotype Ontology"
                    ],
                    "type": "string"
                },
                "nameSpacePrefix": {
                    "description": "The prefix used in the CURIE of an OntologyClass",
                    "examples": [
                        "HP"
                    ],
                    "type": "string"
                },
                "url": {
                    "description": "Uniform Resource Locator of the resource",
                    "examples": [
                        "https://purl.obolibrary.org/obo/hp.owl"
                    ],
                    "type": "string"
                },
                "version": {
                    "description": "The version of the resource or ontology used to make the annotation",
                    "examples": [
                        "17-06-2019"
                    ],
                    "type": "string"
                }
            },
            "required": [
                "id"
            ],
            "type": "object"
        }
    },
    "$schema": "https://json-schema.org/draft/2020-12/schema",
    "additionalProperties": true,
    "description": "Filtering terms and ontology resources utilised in this Beacon.",
    "properties": {
        "filteringTerms": {
            "items": {
                "$ref": "#/$defs/FilteringTermInResponse"
            },
            "type": "array"
        },
        "resources": {
            "items": {
                "$ref": "#/$defs/Resource"
            },
            "type": "array"
        }
    },
    "type": "object"
}