{
    "$schema": "https://json-schema.org/draft/2020-12/schema",
    "description": "Age range definition. Provenance: GA4GH Phenopackets v2 `AgeRange`",
    "properties": {
        "end": {
            "$ref": "./age.json",
            "description": "Represents age as an ISO8601 duration (e.g., P59Y)."
        },
        "start": {
            "$ref": "./age.json",
            "description": "Represents age as an ISO8601 duration (e.g., P18Y)."
        }
    },
    "required": [
        "start",
        "end"
    ],
    "title": "AgeRange",
    "type": "object"
}