{
    "$defs": {
        "TypedQuantity": {
            "properties": {
                "quantity": {
                    "$ref": "./quantity.json",
                    "description": "Quantity denoting the outcome of the measurement",
                    "example": {
                        "unit": {
                            "id": "NCIT:C49670",
                            "label": "Millimeter of Mercury"
                        },
                        "value": 110
                    }
                },
                "quantityType": {
                    "$ref": "https://raw.githubusercontent.com/ga4gh-beacon/beacon-v2/main/framework/json/common/ontologyTerm.json",
                    "description": "OntologyClass to describe the type of the measurement. Renamed compared to GA4GH Phenopackets v2 `ComplexValue.TypedQuantity.type`",
                    "example": {
                        "id": "NCIT:C25298",
                        "label": "Systolic Blood Pressure"
                    }
                }
            },
            "required": [
                "quantityType",
                "quantity"
            ]
        }
    },
    "$schema": "https://json-schema.org/draft/2020-12/schema",
    "description": "Definition of a complex value class. Provenance: GA4GH Phenopackets v2 `TypedQuantity`",
    "properties": {
        "typedQuantities": {
            "description": "List of quantities required to fully describe the complex value",
            "items": {
                "$ref": "#/$defs/TypedQuantity"
            },
            "type": "array"
        }
    },
    "required": [
        "typedQuantities"
    ],
    "title": "Complex Value",
    "type": "object"
}