{
    "$defs": {
        "DUODataUse": {
            "allOf": [
                {
                    "description": "Data Use Ontology codes and additional information associated with a data object (e.g. sample, dataset)."
                },
                {
                    "$ref": "https://raw.githubusercontent.com/ga4gh-beacon/beacon-v2/main/framework/json/common/ontologyTerm.json"
                },
                {
                    "properties": {
                        "modifiers": {
                            "examples": [
                                {
                                    "id": "EFO:0001645",
                                    "label": "coronary artery disease"
                                },
                                {
                                    "id": "EFO:0001655"
                                }
                            ],
                            "items": {
                                "$ref": "https://raw.githubusercontent.com/ga4gh-beacon/beacon-v2/main/framework/json/common/ontologyTerm.json"
                            },
                            "type": "array"
                        },
                        "version": {
                            "examples": [
                                "17-07-2016"
                            ],
                            "type": "string"
                        }
                    },
                    "required": [
                        "version"
                    ],
                    "type": "object"
                }
            ],
            "examples": [
                {
                    "id": "DUO:0000007",
                    "label": "disease specific research",
                    "modifiers": [
                        {
                            "id": "EFO:0001645",
                            "label": "coronary artery disease"
                        }
                    ],
                    "version": "17-07-2016"
                },
                {
                    "id": "DUO:0000004",
                    "label": "no restriction",
                    "version": "2022-03-23"
                }
            ]
        }
    },
    "$schema": "https://json-schema.org/draft/2020-12/schema",
    "additionalProperties": true,
    "description": "Data use conditions",
    "properties": {
        "duoDataUse": {
            "items": {
                "$ref": "#/$defs/DUODataUse"
            },
            "minItems": 1,
            "type": "array"
        }
    },
    "title": "Data Use Conditions",
    "type": "object"
}