{
    "$schema": "https://json-schema.org/draft/2020-12/schema",
    "additionalProperties": true,
    "description": "Exposures (lifestyle, behavioural exposures) occurred to individual, defined by exposure ID, date and age of onset, dose, and duration.",
    "properties": {
        "ageAtExposure": {
            "$ref": "../common/age.json"
        },
        "date": {
            "description": "Date of the exposure in ISO8601 format.",
            "format": "date",
            "type": "string"
        },
        "duration": {
            "description": "Exposure duration in ISO8601 format",
            "examples": [
                "P2Y6M1D"
            ],
            "type": "string"
        },
        "exposureCode": {
            "$ref": "https://raw.githubusercontent.com/ga4gh-beacon/beacon-v2/main/framework/json/common/ontologyTerm.json",
            "description": "Exposure ID. Recommended is a value from Environment Exposure Ontology.",
            "examples": [
                {
                    "id": "CHEBI:46661",
                    "label": "asbestos"
                },
                {
                    "id": "ENVO:21001217",
                    "label": "X-ray radiation"
                }
            ]
        },
        "unit": {
            "$ref": "../common/commonDefinitions.json#/$defs/Unit",
            "description": "Unit of the exposure. Recommended from NCIT Unit of Category ontology term (NCIT:C42568) descendants."
        },
        "value": {
            "description": "Quantification of the exposure.",
            "type": "number"
        }
    },
    "required": [
        "exposureCode",
        "ageAtExposure",
        "unit",
        "duration"
    ],
    "title": "Exposure",
    "type": "object"
}