{
    "$schema": "https://json-schema.org/draft/2020-12/schema",
    "additionalProperties": true,
    "description": "Definition of a quantity class. Provenance: GA4GH Phenopackets v2 `Quantity`",
    "properties": {
        "referenceRange": {
            "$ref": "./referenceRange.json",
            "description": "The normal range for the value",
            "example": {}
        },
        "unit": {
            "$ref": "./commonDefinitions.json#/$defs/Unit"
        },
        "value": {
            "description": "The value of the quantity in the units",
            "type": "number"
        }
    },
    "required": [
        "unit",
        "value"
    ],
    "title": "Quantity",
    "type": "object"
}