{
    "$comments": "Compares to https://github.com/phenopackets/phenopacket-schema/blob/master/docs/treatment.rst, with modifications.",
    "$schema": "https://json-schema.org/draft/2020-12/schema",
    "additionalProperties": true,
    "description": "Treatment(s) prescribed/administered, defined by treatment ID, date and age of onset, dose, schedule and duration.",
    "properties": {
        "ageAtOnset": {
            "$ref": "./age.json"
        },
        "cumulativeDose": {
            "$ref": "./quantity.json"
        },
        "doseIntervals": {
            "items": {
                "$ref": "./doseInterval.json"
            },
            "type": "array"
        },
        "routeOfAdministration": {
            "$ref": "https://raw.githubusercontent.com/ga4gh-beacon/beacon-v2/main/framework/json/common/ontologyTerm.json",
            "description": "Route of treatment. Value from NCIT Route of Administration tree (NCIT:C38114).",
            "examples": [
                {
                    "id": "NCIT:C38304",
                    "label": "Topical"
                },
                {
                    "id": "NCIT:C78373",
                    "label": "Dietary"
                }
            ]
        },
        "treatmentCode": {
            "$ref": "https://raw.githubusercontent.com/ga4gh-beacon/beacon-v2/main/framework/json/common/ontologyTerm.json",
            "description": "Code of treatment. Value from NCIT or any relevant ontology. Compares to `agent` in Phenopackets v2",
            "examples": [
                {
                    "id": "NCIT:C287",
                    "label": "Aspirin"
                },
                {
                    "id": "NCIT:C62078",
                    "label": "Tamoxifen"
                }
            ]
        }
    },
    "required": [
        "treatmentCode"
    ],
    "title": "Treatment",
    "type": "object"
}