{
    "$schema": "https://json-schema.org/draft/2020-12/schema",
    "additionalProperties": true,
    "description": "The filtering terms response provides information about available individual filters for a beacon's entry types as well as optional information about the ontologies the filters belong to.",
    "properties": {
        "meta": {
            "$ref": "./sections/beaconInformationalResponseMeta.json"
        },
        "response": {
            "$ref": "./sections/beaconFilteringTermsResults.json"
        }
    },
    "required": [
        "meta",
        "response"
    ],
    "type": "object"
}