{
    "$schema": "https://json-schema.org/draft/2020-12/schema",
    "additionalProperties": true,
    "description": "A `beaconErrorResponse` denotes an unsuccessful operation, e.g. due to a missing parameter or an invalid query. The response contains an error object.",
    "properties": {
        "error": {
            "$ref": "../common/beaconCommonComponents.json#/$defs/BeaconError"
        },
        "meta": {
            "$ref": "./sections/beaconResponseMeta.json"
        }
    },
    "required": [
        "meta",
        "error"
    ],
    "type": "object"
}