{
    "$defs": {
        "ServiceType": {
            "description": "Type of a GA4GH service",
            "properties": {
                "artifact": {
                    "description": "Name of the API or GA4GH specification implemented. Official GA4GH types should be assigned as part of standards approval process. Custom artifacts are supported.",
                    "example": "beacon",
                    "type": "string"
                },
                "group": {
                    "description": "Namespace in reverse domain name format. Use `org.ga4gh` for implementations compliant with official GA4GH specifications. For services with custom APIs not standardized by GA4GH, or implementations diverging from official GA4GH specifications, use a different namespace (e.g. your organization's reverse domain name).",
                    "example": "org.ga4gh",
                    "type": "string"
                },
                "version": {
                    "description": "Version of the API or specification. GA4GH specifications use semantic versioning.",
                    "example": "1.0.0",
                    "type": "string"
                }
            },
            "required": [
                "group",
                "artifact",
                "version"
            ],
            "type": "object"
        }
    },
    "$schema": "https://json-schema.org/draft/2020-12/schema",
    "description": "A way for a service to describe basic metadata concerning a service alongside a set of capabilities and/or limitations of the service. More information on [GitHub](https://github.com/ga4gh-discovery/ga4gh-service-info/).",
    "properties": {
        "contactUrl": {
            "description": "URL of the contact for the provider of this service, e.g. a link to a contact form (RFC 3986 format), or an email (RFC 2368 format).",
            "example": "mailto:support@example.com",
            "format": "uri",
            "type": "string"
        },
        "createdAt": {
            "description": "Timestamp describing when the service was first deployed and available (RFC 3339 format)",
            "example": "2019-06-04T12:58:19Z",
            "format": "date-time",
            "type": "string"
        },
        "description": {
            "description": "Description of the service. Should be human readable and provide information about the service.",
            "example": "This service provides...",
            "type": "string"
        },
        "documentationUrl": {
            "description": "URL of the documentation of this service (RFC 3986 format). This should help someone learn how to use your service, including any specifics required to access data, e.g. authentication.",
            "example": "https://docs.myservice.example.com",
            "format": "uri",
            "type": "string"
        },
        "environment": {
            "description": "Environment the service is running in. Use this to distinguish between production, development and testing/staging deployments. Suggested values are prod, test, dev, staging. However this is advised and not enforced.",
            "example": "test",
            "type": "string"
        },
        "id": {
            "description": "Unique ID of this service. Reverse domain name notation is recommended, though not required. The identifier should attempt to be globally unique so it can be used in downstream aggregator services e.g. Service Registry.",
            "example": "org.ga4gh.myservice",
            "type": "string"
        },
        "name": {
            "description": "Name of this service. Should be human readable.",
            "example": "My project",
            "type": "string"
        },
        "organization": {
            "description": "Organization providing the service",
            "properties": {
                "name": {
                    "description": "Name of the organization responsible for the service",
                    "example": "My organization",
                    "type": "string"
                },
                "url": {
                    "description": "URL of the website of the organization (RFC 3986 format)",
                    "example": "https://example.com",
                    "format": "uri",
                    "type": "string"
                }
            },
            "required": [
                "name",
                "url"
            ],
            "type": "object"
        },
        "type": {
            "$ref": "#/$defs/ServiceType"
        },
        "updatedAt": {
            "description": "Timestamp describing when the service was last updated (RFC 3339 format)",
            "example": "2019-06-04T12:58:19Z",
            "format": "date-time",
            "type": "string"
        },
        "version": {
            "description": "Version of the service being described. Semantic versioning is recommended, but other identifiers, such as dates or commit hashes, are also allowed. The version should be changed whenever the service is updated.",
            "example": "1.0.0",
            "type": "string"
        }
    },
    "required": [
        "id",
        "name",
        "type",
        "organization",
        "version"
    ],
    "title": "GA4GH service-info API specification",
    "type": "object",
    "version": "1.0.0"
}