{
    "$comment": "version: ga4gh-beacon-analysis-v2.0.0",
    "$schema": "https://json-schema.org/draft/2020-12/schema",
    "additionalProperties": true,
    "description": "The `analysis` schema represents a information about the data analysis steps leading to (a set of) genomic variation call(s).",
    "properties": {
        "aligner": {
            "description": "Name or identifier of the mapping/alignment software/pipeline",
            "examples": [
                "bwa-0.7.8"
            ],
            "type": "string"
        },
        "analysisDate": {
            "description": "Date at which analysis was performed.\n",
            "examples": [
                "2021-10-17"
            ],
            "format": "date",
            "type": "string"
        },
        "biosampleId": {
            "description": "Local reference to the `id` of the biosample this analysis is reporting on.",
            "examples": [
                "S0001",
                "onekgbs-NA07346"
            ],
            "type": "string"
        },
        "id": {
            "description": "Analysis id for internal referencing; unique in the dataset.",
            "type": "string"
        },
        "individualId": {
            "description": "Local reference to the `id` of the individual this analysis is reporting on.",
            "examples": [
                "P0001",
                "onekgind-NA07346"
            ],
            "type": "string"
        },
        "info": {
            "$ref": "../common/info.json"
        },
        "pipelineName": {
            "description": "Analysis pipeline and version.",
            "examples": [
                "Pipeline-panel-0001-v1"
            ],
            "type": "string"
        },
        "pipelineRef": {
            "description": "Link to information about or repository of the analysis pipeline.",
            "examples": [
                "https://doi.org/10.48511/workflowhub.workflow.111.1",
                "https://doi.org/10.1093/bib/bbad541"
            ],
            "type": "string"
        },
        "runId": {
            "description": "Local reference to the associated experimental run.",
            "examples": [
                "SRR10903401"
            ],
            "type": "string"
        },
        "variantCaller": {
            "description": "Name or identifier of the variant calling software/pipeline",
            "examples": [
                "GATK4.0",
                "labelSeg"
            ],
            "type": "string"
        }
    },
    "required": [
        "id",
        "analysisDate",
        "pipelineName"
    ],
    "title": "Bioinformatics analysis",
    "type": "object"
}