{
    "$schema": "https://json-schema.org/draft/2020-12/schema",
    "biosampleId": "008dafdd-a3d1-4801-8c0a-8714e2b58e48",
    "id": "SRR10903401",
    "individualId": "TCGA-AO-A0JJ",
    "libraryLayout": "PAIRED",
    "librarySelection": "RANDOM",
    "librarySource": {
        "id": "GENEPIO:0001966",
        "label": "genomic source"
    },
    "libraryStrategy": "WGS",
    "platform": "Illumina",
    "platformModel": {
        "id": "OBI:0002048",
        "label": "Illumina HiSeq 3000"
    },
    "runDate": "2021-10-18"
}