{
    "$comment": "version: ga4gh-beacon-variant-v2.1.0",
    "$defs": {
        "CaseLevelVariant": {
            "description": "",
            "properties": {
                "alleleOrigin": {
                    "$ref": "https://raw.githubusercontent.com/ga4gh-beacon/beacon-v2/main/framework/json/common/ontologyTerm.json",
                    "description": "Ontology value for allele origin of variant in sample from the Variant Origin (SO:0001762). Categories are `somatic variant`, `germline variant`, `maternal variant`, `paternal variant`, `de novo variant`, `pedigree specific variant`, `population specific variant`. Corresponds to Variant Inheritance in FHIR.",
                    "examples": [
                        {
                            "id": "SO:0001777",
                            "label": "somatic variant"
                        },
                        {
                            "id": "SO:0001778",
                            "label": "germline variant"
                        },
                        {
                            "id": "SO:0001775",
                            "label": "maternal variant"
                        },
                        {
                            "id": "SO:0001776",
                            "label": "paternal variant"
                        },
                        {
                            "id": "SO:0001781",
                            "label": "de novo variant"
                        },
                        {
                            "id": "SO:0001779",
                            "label": "pedigree specific variant"
                        },
                        {
                            "id": "SO:0001780",
                            "label": "population specific variant"
                        }
                    ]
                },
                "analysisId": {
                    "description": "Reference to the bioinformatics analysis ID (`analysis.id`)",
                    "examples": [
                        "pgxcs-kftvldsu"
                    ],
                    "type": "string"
                },
                "biosampleId": {
                    "description": "Reference to biosample ID (`biosample.id`)",
                    "examples": [
                        "bs001104"
                    ],
                    "type": "string"
                },
                "clinicalInterpretations": {
                    "items": {
                        "$ref": "#/$defs/PhenoClinicEffect"
                    },
                    "type": "array"
                },
                "id": {
                    "description": "Internal id of this case level *instance* of the variant. This is an optional housekeeping parameter and should not be confused with the identifier of the variant (`variantInternalId`).",
                    "examples": [
                        "id0001-var101101118"
                    ],
                    "type": "string"
                },
                "individualId": {
                    "description": "Reference to individual ID (`individual.id`)",
                    "examples": [
                        "ind0001"
                    ],
                    "type": "string"
                },
                "phenotypicEffects": {
                    "items": {
                        "$ref": "#/$defs/PhenoClinicEffect"
                    },
                    "type": "array"
                },
                "runId": {
                    "description": "Reference to the experimental run ID (`run.id`)",
                    "examples": [
                        "SRR10903401"
                    ],
                    "type": "string"
                },
                "zygosity": {
                    "$ref": "https://raw.githubusercontent.com/ga4gh-beacon/beacon-v2/main/framework/json/common/ontologyTerm.json",
                    "description": "Ontology term for zygosity in which variant is present in the sample from the Zygosity Ontology (GENO:0000391) , e.g `heterozygous` (GENO:0000135)",
                    "examples": [
                        {
                            "id": "GENO:0000135",
                            "label": "heterozygous"
                        },
                        {
                            "id": "GENO:0000136",
                            "label": "homozygous"
                        },
                        {
                            "id": "GENO:0000604",
                            "label": "hemizygous X-linked"
                        }
                    ]
                }
            },
            "required": [
                "biosampleId"
            ],
            "type": "object"
        },
        "FrequencyInPopulations": {
            "properties": {
                "frequencies": {
                    "items": {
                        "$ref": "#/$defs/PopulationFrequency"
                    },
                    "minItems": 1,
                    "type": "array"
                },
                "source": {
                    "description": "The study",
                    "examples": [
                        "The Genome Aggregation Database (gnomAD)",
                        "The European Genome-phenome Archive (EGA)"
                    ],
                    "type": "string"
                },
                "sourceReference": {
                    "description": "A reference to further documentation or details.",
                    "examples": [
                        "https://gnomad.broadinstitute.org/",
                        "https://ega-archive.org/"
                    ],
                    "type": "string"
                },
                "version": {
                    "description": "version of the source data.",
                    "examples": [
                        "gnomAD v3.1.1"
                    ],
                    "type": "string"
                }
            },
            "required": [
                "source",
                "sourceReference",
                "frequencies"
            ],
            "type": "object"
        },
        "GenomicFeature": {
            "description": "Genomic feature(s) related to the variant. NOTE: Although genes could also be referenced using these attributes, they have an independent section to allow direct queries.",
            "properties": {
                "featureClass": {
                    "$ref": "https://raw.githubusercontent.com/ga4gh-beacon/beacon-v2/main/framework/json/common/ontologyTerm.json",
                    "description": "Ontology term that describes the class of genomic feature affected by the variant. Values from SO (Sequence ontology) are recommended, e.g. `SO:0001623: 5 prime UTR variant`",
                    "examples": [
                        {
                            "id": "SO:0001623",
                            "label": "5 prime UTR variant"
                        }
                    ]
                },
                "featureID": {
                    "$ref": "https://raw.githubusercontent.com/ga4gh-beacon/beacon-v2/main/framework/json/common/ontologyTerm.json",
                    "description": "Where applicable, ID/accession/name of genomic feature related to the `featureClass`, preferably in CURIE format. If the value is a gene id or name, it points to the gene related to the `featureClass`, e.g. `the 5 prime UTR upstream of TP53`",
                    "examples": [
                        {
                            "id": "HGNC:11998",
                            "label": "TP53"
                        }
                    ]
                }
            },
            "required": [
                "featureClass"
            ],
            "type": "object"
        },
        "Identifiers": {
            "properties": {
                "clinvarVariantId": {
                    "description": "ClinVar variant id. Other id values used by ClinVar can be added to `variantAlternativeIds`",
                    "examples": [
                        "clinvar:12345",
                        "9325"
                    ],
                    "pattern": "^(clinvar:)?\\d+$",
                    "type": "string"
                },
                "genomicHGVSId": {
                    "description": "HGVSId descriptor.",
                    "examples": [
                        "NC_000017.11:g.43057063G>A"
                    ],
                    "type": "string"
                },
                "proteinHGVSIds": {
                    "description": "List of HGVSId descriptor(s) at protein level (for protein-altering variants).",
                    "examples": [
                        [
                            "NP_009225.1:p.Glu1817Ter"
                        ],
                        [
                            "LRG 199p1:p.Val25Gly (preferred)"
                        ]
                    ],
                    "items": {
                        "type": "string"
                    },
                    "type": "array"
                },
                "transcriptHGVSIds": {
                    "description": "List of HGVSId descriptor(s) at transcript level.",
                    "examples": [
                        [
                            "NC 000023.10(NM004006.2):c.357+1G"
                        ]
                    ],
                    "items": {
                        "type": "string"
                    },
                    "type": "array"
                },
                "variantAlternativeIds": {
                    "description": "List of cross-referencing ID(s), for the variant in other databases (e.g. dbSNP, ClinVar, ClinGen, COSMIC), as `externalReferences` with CURIE(s).",
                    "examples": [
                        [
                            {
                                "id": "dbSNP:rs587780345",
                                "notes": "dbSNP id",
                                "reference": "https://www.ncbi.nlm.nih.gov/snp/rs587780345"
                            },
                            {
                                "id": "ClinGen:CA152954",
                                "notes": "ClinGen Allele Registry id",
                                "reference": "https://reg.clinicalgenome.org/redmine/projects/registry/genboree_registry/by_caid?caid=CA152954"
                            },
                            {
                                "id": "UniProtKB:P35557#VAR_003699",
                                "reference": "https://www.uniprot.org/uniprot/P35557#VAR_003699"
                            }
                        ],
                        [
                            {
                                "id": "OMIM:164757.0001",
                                "reference": "https://www.omim.org/entry/164757#0001"
                            }
                        ]
                    ],
                    "items": {
                        "$ref": "../common/externalReference.json"
                    },
                    "type": "array"
                }
            },
            "type": "object"
        },
        "LegacyVariation": {
            "properties": {
                "alternateBases": {
                    "description": "Alternate bases for this variant (starting from `start`). * Accepted values: IUPAC codes for nucleotides (e.g. `https://www.bioinformatics.org/sms/iupac.html`). * N is a wildcard, that denotes the position of any base, and can be used as\n  a standalone base of any type or within a partially known sequence.\n* an *empty value* is used in the case of deletions with the maximally\n  trimmed, deleted sequence being indicated in `ReferenceBases`",
                    "examples": [
                        "T",
                        "G",
                        "N",
                        "AG",
                        ""
                    ],
                    "pattern": "^([ACGTUNRYSWKMBDHV\\-\\.]*)$",
                    "type": "string"
                },
                "location": {
                    "$ref": "https://w3id.org/ga4gh/schema/vrs/1.3/vrs.json#/definitions/Location"
                },
                "referenceBases": {
                    "description": "Reference bases for this variant (starting from `start`). * Accepted values: IUPAC codes for nucleotides (e.g. `https://www.bioinformatics.org/sms/iupac.html`). * N is a wildcard, that denotes the position of any base, and can be used\n  as a standalone base of any type or within a partially known sequence.\n* an *empty value* is used in the case of insertions with the maximally\n  trimmed, inserted sequence being indicated in `AlternateBases`.",
                    "examples": [
                        "A",
                        "T",
                        "N",
                        "",
                        "ACG"
                    ],
                    "pattern": "^([ACGTUNRYSWKMBDHV\\-\\.]*)$",
                    "type": "string"
                },
                "variantType": {
                    "default": "SNP",
                    "description": "The `variantType` declares the nature of the variation in relation to a reference. In a response, it is used to describe the variation. Examples here are e.g. structural variants such as `DUP` (increased allelic count of material from the genomic region  between `start` and `end` positions without assumption about the placement of the additional sequence) or `DEL` (deletion of sequence following `start`). Either `alternateBases` or `variantType` is required in representing a `LegacyVariation`.",
                    "examples": [
                        "SNP",
                        "DEL",
                        "DUP",
                        "BND"
                    ],
                    "type": "string"
                }
            },
            "required": [
                "variantType",
                "alternateBases",
                "location"
            ],
            "type": "object"
        },
        "MolecularAttributes": {
            "properties": {
                "aminoacidChanges": {
                    "description": "Lisf of change(s) at aminoacid level for protein affecting variants.",
                    "examples": [
                        [
                            "V304*"
                        ]
                    ],
                    "items": {
                        "type": "string"
                    },
                    "type": "array"
                },
                "geneIds": {
                    "description": "Symbolic names or identifiers used for a gene",
                    "examples": [
                        [
                            "ACE2"
                        ],
                        [
                            "BRCA1",
                            "ENSG00000012048"
                        ]
                    ],
                    "items": {
                        "type": "string"
                    },
                    "type": "array"
                },
                "genomicFeatures": {
                    "description": "List of Genomic feature(s) affected by the variant.",
                    "items": {
                        "$ref": "#/$defs/GenomicFeature"
                    },
                    "type": "array"
                },
                "molecularEffects": {
                    "description": "Ontology term that includes describes the class of molecular consequence generated by the variant. Values from SO (Sequence Ontology) are recommended, e.g.  `SO:0001583: missense variant`.",
                    "examples": [
                        {
                            "id": "SO:0002322",
                            "label": "stop gained NMD escaping"
                        },
                        {
                            "id": "SO:0001583",
                            "label": "missense variant"
                        }
                    ],
                    "items": {
                        "$ref": "https://raw.githubusercontent.com/ga4gh-beacon/beacon-v2/main/framework/json/common/ontologyTerm.json"
                    },
                    "type": "array"
                }
            },
            "type": "object"
        },
        "PhenoClinicEffect": {
            "description": "List of annotated effects on disease or phenotypes.",
            "properties": {
                "annotatedWith": {
                    "$ref": "#/$defs/SoftwareTool"
                },
                "category": {
                    "$ref": "https://raw.githubusercontent.com/ga4gh-beacon/beacon-v2/main/framework/json/common/ontologyTerm.json",
                    "description": "Ontology term for the type of disease, condition, phenotypic measurement, etc.",
                    "examples": [
                        {
                            "id": "MONDO:0000001",
                            "label": "disease or disorder"
                        },
                        {
                            "id": "HP:0000118",
                            "label": "phenotypic abnormality"
                        }
                    ]
                },
                "clinicalRelevance": {
                    "description": "Indication of the clinical relevance of the variant Recommended: A value from the five-tiered classification from the American College of Medical Genetics (ACMG) designed to describe the likelihood that a genomic sequence variant is causative of an inherited disease. (NCIT:C168798).",
                    "enum": [
                        "benign",
                        "likely benign",
                        "uncertain significance",
                        "likely pathogenic",
                        "pathogenic"
                    ],
                    "example": "pathogenic",
                    "type": "string"
                },
                "conditionId": {
                    "description": "Internal identifier of the phenotype or clinical effect.",
                    "examples": [
                        "disease1",
                        "phen2234"
                    ],
                    "type": "string"
                },
                "effect": {
                    "$ref": "https://raw.githubusercontent.com/ga4gh-beacon/beacon-v2/main/framework/json/common/ontologyTerm.json",
                    "description": "Ontology term for the phenotypic or clinical effect",
                    "examples": [
                        {
                            "id": "MONDO:0003582",
                            "label": "hereditary breast ovarian cancer syndrome"
                        },
                        {
                            "id": "HP:0000256",
                            "label": "macrocephaly"
                        }
                    ]
                },
                "evidenceType": {
                    "$ref": "https://raw.githubusercontent.com/ga4gh-beacon/beacon-v2/main/framework/json/common/ontologyTerm.json",
                    "description": "Ontology term for the type of evidence supporting variant-disease association Recommended: values from the Evidence & Conclusion Ontology (ECO)",
                    "examples": [
                        {
                            "id": "ECO:0000361",
                            "label": "inferential evidence"
                        },
                        {
                            "id": "ECO:0000006",
                            "label": "experimental evidence"
                        }
                    ]
                }
            },
            "required": [
                "conditionId",
                "effect"
            ],
            "type": "object"
        },
        "PopulationFrequency": {
            "properties": {
                "alleleFrequency": {
                    "description": "Allele frequency between 0 and 1.",
                    "examples": [
                        3.186e-05
                    ],
                    "type": "number"
                },
                "population": {
                    "description": "A name for the population. A population could an ethnic, geographical one or just the members of a study.",
                    "examples": [
                        "East Asian",
                        "ICGC Chronic Lymphocytic Leukemia-ES",
                        "Men",
                        "Children"
                    ],
                    "type": "string"
                }
            },
            "required": [
                "population",
                "alleleFrequency"
            ],
            "type": "object"
        },
        "SoftwareTool": {
            "properties": {
                "toolName": {
                    "description": "Name of the tool.",
                    "examples": [
                        "Ensembl Variant Effect Predictor (VEP)"
                    ],
                    "type": "string"
                },
                "toolReferences": {
                    "additionalProperties": true,
                    "description": "References to the tool",
                    "examples": [
                        {
                            "bio.toolsId": "https://bio.tools/vep"
                        },
                        {
                            "url": "https://www.ensembl.org/vep"
                        }
                    ],
                    "minProperties": 1,
                    "properties": {},
                    "type": "object"
                },
                "version": {
                    "description": "Version used.",
                    "examples": [
                        "rel 104"
                    ],
                    "type": "string"
                }
            },
            "required": [
                "toolName",
                "version",
                "toolReferences"
            ],
            "type": "object"
        },
        "VariantLevelData": {
            "properties": {
                "clinicalInterpretations": {
                    "items": {
                        "$ref": "#/$defs/PhenoClinicEffect"
                    },
                    "type": "array"
                },
                "phenotypicEffects": {
                    "items": {
                        "$ref": "#/$defs/PhenoClinicEffect"
                    },
                    "type": "array"
                }
            },
            "type": "object"
        }
    },
    "$schema": "https://json-schema.org/draft/2020-12/schema",
    "additionalProperties": true,
    "description": "Schema for a genomic variant entry.",
    "properties": {
        "caseLevelData": {
            "description": "caseLevelData reports about the variation instances observed in individual analyses.",
            "items": {
                "$ref": "#/$defs/CaseLevelVariant"
            },
            "type": "array"
        },
        "frequencyInPopulations": {
            "items": {
                "$ref": "#/$defs/FrequencyInPopulations"
            },
            "type": "array"
        },
        "identifiers": {
            "$ref": "#/$defs/Identifiers"
        },
        "info": {
            "$ref": "../common/info.json"
        },
        "molecularAttributes": {
            "$ref": "#/$defs/MolecularAttributes"
        },
        "variantInternalId": {
            "description": "Reference to the **internal** variant ID. This represents the primary key/identifier of that variant **inside** a given Beacon instance. Different Beacon instances may use identical id values, referring to unrelated variants. Public identifiers such as the GA4GH Variant Representation Id (VRSid) MUST be returned in the `identifiers` section. A Beacon instance can, of course, use the VRSid as their own internal id but still MUST represent this then in the `identifiers` section.",
            "examples": [
                "var00001",
                "v110112"
            ],
            "type": "string"
        },
        "variantLevelData": {
            "$ref": "#/$defs/VariantLevelData"
        },
        "variation": {
            "oneOf": [
                {
                    "$ref": "https://w3id.org/ga4gh/schema/vrs/1.3/vrs.json#/definitions/MolecularVariation"
                },
                {
                    "$ref": "https://w3id.org/ga4gh/schema/vrs/1.3/vrs.json#/definitions/SystemicVariation"
                },
                {
                    "$ref": "#/$defs/LegacyVariation"
                }
            ]
        }
    },
    "required": [
        "variantInternalId",
        "variation"
    ],
    "title": "Genomic Variation",
    "type": "object"
}