{
    "$schema": "https://json-schema.org/draft/2020-12/schema",
    "IncludeResultsetResponses": "HIT",
    "apiVersion": "v2.0",
    "filters": [
        "BTO:0000199",
        "PATO:0000383"
    ],
    "pagination": {
        "limit": 10,
        "skip": 1
    },
    "requestParameters": {
        "individual": {
            "parameters": [
                {
                    "id": "123"
                }
            ]
        }
    },
    "requestedGranularity": "count",
    "requestedSchemas": [
        {
            "entityType": "Individual",
            "schema": "ga4gh-phenopacket-individual-v0.1"
        }
    ],
    "testMode": false
}