{
    "$comment": "version: ga4gh-beacon-run-v2.0.0",
    "$schema": "https://json-schema.org/draft/2020-12/schema",
    "additionalProperties": true,
    "description": "Schema for the experimental run (e.g. sequencing run, array processing...) leading to the raw data for the (computational) analysis.",
    "properties": {
        "biosampleId": {
            "description": "Reference to the biosample ID.",
            "examples": [
                "008dafdd-a3d1-4801-8c0a-8714e2b58e48"
            ],
            "type": "string"
        },
        "id": {
            "description": "Run ID.",
            "examples": [
                "SRR10903401"
            ],
            "type": "string"
        },
        "individualId": {
            "description": "Reference to the individual ID.",
            "examples": [
                "TCGA-AO-A0JJ"
            ],
            "type": "string"
        },
        "info": {
            "$ref": "../common/info.json"
        },
        "libraryLayout": {
            "description": "Ontology value for the library layout e.g \"PAIRED\", \"SINGLE\" #todo add Ontology name?",
            "enum": [
                "PAIRED",
                "SINGLE"
            ],
            "type": "string"
        },
        "librarySelection": {
            "description": "Selection method for library preparation, e.g \"RANDOM\", \"RT-PCR\"",
            "examples": [
                "RANDOM",
                "RT-PCR"
            ],
            "type": "string"
        },
        "librarySource": {
            "$ref": "https://raw.githubusercontent.com/ga4gh-beacon/beacon-v2/main/framework/json/common/ontologyTerm.json",
            "description": "Ontology value for the source of the sequencing or hybridization library, e.g \"genomic source\", \"transcriptomic source\"",
            "examples": [
                {
                    "id": "GENEPIO:0001966",
                    "label": "genomic source"
                },
                {
                    "id": "GENEPIO:0001965",
                    "label": "metagenomic source"
                }
            ]
        },
        "libraryStrategy": {
            "description": "Library strategy, e.g. \"WGS\"",
            "examples": [
                "WGS"
            ],
            "type": "string"
        },
        "platform": {
            "description": "General platform technology label. It SHOULD be a subset of the platformModel and used only for query convenience, e.g. \"return everything sequenced with Illimuna\", where the specific model is not relevant",
            "examples": [
                "Illumina",
                "Oxford Nanopore",
                "Affymetrix"
            ],
            "type": "string"
        },
        "platformModel": {
            "$ref": "https://raw.githubusercontent.com/ga4gh-beacon/beacon-v2/main/framework/json/common/ontologyTerm.json",
            "description": "Ontology value for experimental platform or methodology used. For sequencing platforms the use of \"OBI:0400103 - DNA sequencer\" is suggested.",
            "examples": [
                {
                    "id": "OBI:0002048",
                    "label": "Illumina HiSeq 3000"
                },
                {
                    "id": "OBI:0002750",
                    "label": "Oxford Nanopore MinION"
                },
                {
                    "id": "EFO:0010938",
                    "label": "large-insert clone DNA microarray"
                }
            ]
        },
        "runDate": {
            "description": "Date at which the experiment was performed.",
            "examples": [
                "2021-10-18"
            ],
            "format": "date",
            "type": "string"
        }
    },
    "required": [
        "id",
        "biosampleId",
        "runDate"
    ],
    "title": "Experimental run",
    "type": "object"
}