{
    "components": {
        "parameters": {
            "biosampleId": {
                "in": "path",
                "name": "id",
                "required": true,
                "schema": {
                    "type": "string"
                }
            },
            "entryId": {
                "in": "path",
                "name": "id",
                "required": true,
                "schema": {
                    "type": "string"
                }
            },
            "filters": {
                "examples": {
                    "example1": {
                        "value": [
                            "OBI:0002048"
                        ]
                    }
                },
                "in": "query",
                "name": "filters",
                "schema": {
                    "items": {
                        "type": "string"
                    },
                    "type": "array"
                }
            },
            "includeResultsetResponses": {
                "in": "query",
                "name": "includeResultsetResponses",
                "schema": {
                    "$ref": "https://raw.githubusercontent.com/ga4gh-beacon/beacon-v2/main/framework/json/common/beaconCommonComponents.json#/$defs/IncludeResultsetResponses"
                }
            },
            "individualId": {
                "in": "path",
                "name": "id",
                "required": true,
                "schema": {
                    "type": "string"
                }
            },
            "limit": {
                "in": "query",
                "name": "limit",
                "schema": {
                    "$ref": "https://raw.githubusercontent.com/ga4gh-beacon/beacon-v2/main/framework/json/common/beaconCommonComponents.json#/$defs/Limit"
                }
            },
            "requestedSchema": {
                "description": "Schema to be used to format the `result` field in the response. The response will use Beacon format.",
                "example": "ga4gh-service-info-v1.0",
                "in": "query",
                "name": "requestedSchema",
                "required": false,
                "schema": {
                    "type": "string"
                }
            },
            "skip": {
                "in": "query",
                "name": "skip",
                "schema": {
                    "$ref": "https://raw.githubusercontent.com/ga4gh-beacon/beacon-v2/main/framework/json/common/beaconCommonComponents.json#/$defs/Skip"
                }
            }
        },
        "responses": {
            "ResultsOKResponse": {
                "content": {
                    "application/json": {
                        "schema": {
                            "oneOf": [
                                {
                                    "$ref": "https://raw.githubusercontent.com/ga4gh-beacon/beacon-v2/main/framework/json/responses/beaconBooleanResponse.json"
                                },
                                {
                                    "$ref": "https://raw.githubusercontent.com/ga4gh-beacon/beacon-v2/main/framework/json/responses/beaconCountResponse.json"
                                },
                                {
                                    "$ref": "https://raw.githubusercontent.com/ga4gh-beacon/beacon-v2/main/framework/json/responses/beaconResultsetsResponse.json"
                                }
                            ]
                        }
                    }
                },
                "description": "Successful operation."
            }
        }
    },
    "info": {
        "contact": {
            "email": "beacon@ga4gh.org"
        },
        "description": "TBD",
        "license": {
            "name": "Apache 2.0",
            "url": "https://www.apache.org/licenses/LICENSE-2.0.html"
        },
        "title": "GA4GH Beacon API Specification - Runs Endpoints",
        "version": "2.0.0"
    },
    "openapi": "3.0.2",
    "paths": {
        "/runs": {
            "get": {
                "description": "Get a Beacon response for experimental runs",
                "operationId": "getRuns",
                "parameters": [
                    {
                        "$ref": "#/components/parameters/requestedSchema"
                    },
                    {
                        "$ref": "#/components/parameters/skip"
                    },
                    {
                        "$ref": "#/components/parameters/limit"
                    },
                    {
                        "$ref": "#/components/parameters/includeResultsetResponses"
                    },
                    {
                        "$ref": "#/components/parameters/filters"
                    }
                ],
                "responses": {
                    "200": {
                        "$ref": "#/components/responses/ResultsOKResponse"
                    },
                    "default": {
                        "$ref": "https://raw.githubusercontent.com/ga4gh-beacon/beacon-v2/main/framework/json/responses/beaconErrorResponse.json"
                    }
                },
                "tags": [
                    "GET Endpoints"
                ]
            },
            "post": {
                "description": "Get a Beacon response for experimental runs",
                "operationId": "postRunsRequest",
                "requestBody": {
                    "content": {
                        "application/json": {
                            "schema": {
                                "$ref": "https://raw.githubusercontent.com/ga4gh-beacon/beacon-v2/main/framework/json/requests/beaconRequestBody.json"
                            }
                        }
                    },
                    "required": true
                },
                "responses": {
                    "200": {
                        "$ref": "#/components/responses/ResultsOKResponse"
                    },
                    "default": {
                        "content": {
                            "application/json": {
                                "schema": {
                                    "$ref": "https://raw.githubusercontent.com/ga4gh-beacon/beacon-v2/main/framework/json/responses/beaconErrorResponse.json"
                                }
                            }
                        },
                        "description": "An unsuccessful operation"
                    }
                },
                "tags": [
                    "POST Endpoints"
                ]
            }
        },
        "/runs/{id}": {
            "get": {
                "description": "Get details about one experimental run, identified by its (unique) 'id'",
                "operationId": "getOneRun",
                "responses": {
                    "200": {
                        "$ref": "#/components/responses/ResultsOKResponse"
                    },
                    "default": {
                        "content": {
                            "application/json": {
                                "schema": {
                                    "$ref": "https://raw.githubusercontent.com/ga4gh-beacon/beacon-v2/main/framework/json/responses/beaconErrorResponse.json"
                                }
                            }
                        },
                        "description": "An unsuccessful operation"
                    }
                },
                "tags": [
                    "GET Endpoints"
                ]
            },
            "parameters": [
                {
                    "$ref": "#/components/parameters/entryId"
                }
            ],
            "post": {
                "description": "Get details about one experimental run, identified by its (unique) 'id'",
                "operationId": "postOneRun",
                "requestBody": {
                    "content": {
                        "application/json": {
                            "schema": {
                                "$ref": "https://raw.githubusercontent.com/ga4gh-beacon/beacon-v2/main/framework/json/requests/beaconRequestBody.json"
                            }
                        }
                    },
                    "required": true
                },
                "responses": {
                    "200": {
                        "$ref": "#/components/responses/ResultsOKResponse"
                    },
                    "default": {
                        "content": {
                            "application/json": {
                                "schema": {
                                    "$ref": "https://raw.githubusercontent.com/ga4gh-beacon/beacon-v2/main/framework/json/responses/beaconErrorResponse.json"
                                }
                            }
                        },
                        "description": "An unsuccessful operation"
                    }
                },
                "tags": [
                    "POST Endpoints"
                ]
            }
        },
        "/runs/{id}/analyses": {
            "get": {
                "description": "Get a *analyses* response for one experimental run, identified by its (unique) 'id'",
                "operationId": "getOneRunAnalysis",
                "parameters": [
                    {
                        "$ref": "#/components/parameters/requestedSchema"
                    },
                    {
                        "$ref": "#/components/parameters/skip"
                    },
                    {
                        "$ref": "#/components/parameters/limit"
                    }
                ],
                "responses": {
                    "200": {
                        "$ref": "#/components/responses/ResultsOKResponse"
                    },
                    "default": {
                        "content": {
                            "application/json": {
                                "schema": {
                                    "$ref": "https://raw.githubusercontent.com/ga4gh-beacon/beacon-v2/main/framework/json/responses/beaconErrorResponse.json"
                                }
                            }
                        },
                        "description": "An unsuccessful operation"
                    }
                },
                "tags": [
                    "GET Endpoints"
                ]
            },
            "parameters": [
                {
                    "$ref": "#/components/parameters/entryId"
                }
            ],
            "post": {
                "description": "Get a *analyses* response for one experimental run, identified by its (unique) 'id'",
                "operationId": "postOneRunAnalysis",
                "requestBody": {
                    "content": {
                        "application/json": {
                            "schema": {
                                "$ref": "https://raw.githubusercontent.com/ga4gh-beacon/beacon-v2/main/framework/json/requests/beaconRequestBody.json"
                            }
                        }
                    },
                    "required": true
                },
                "responses": {
                    "200": {
                        "$ref": "#/components/responses/ResultsOKResponse"
                    },
                    "default": {
                        "content": {
                            "application/json": {
                                "schema": {
                                    "$ref": "https://raw.githubusercontent.com/ga4gh-beacon/beacon-v2/main/framework/json/responses/beaconErrorResponse.json"
                                }
                            }
                        },
                        "description": "An unsuccessful operation"
                    }
                },
                "tags": [
                    "POST Endpoints"
                ]
            }
        },
        "/runs/{id}/g_variants": {
            "get": {
                "description": "Get a *genomic variations* response for one experimental run, identified by its (unique) 'id'",
                "operationId": "getOneRunGenomicVariations",
                "parameters": [
                    {
                        "$ref": "#/components/parameters/requestedSchema"
                    },
                    {
                        "$ref": "#/components/parameters/skip"
                    },
                    {
                        "$ref": "#/components/parameters/limit"
                    }
                ],
                "responses": {
                    "200": {
                        "$ref": "#/components/responses/ResultsOKResponse"
                    },
                    "default": {
                        "content": {
                            "application/json": {
                                "schema": {
                                    "$ref": "https://raw.githubusercontent.com/ga4gh-beacon/beacon-v2/main/framework/json/responses/beaconErrorResponse.json"
                                }
                            }
                        },
                        "description": "An unsuccessful operation"
                    }
                },
                "tags": [
                    "GET Endpoints"
                ]
            },
            "parameters": [
                {
                    "$ref": "#/components/parameters/entryId"
                }
            ],
            "post": {
                "description": "Get a *genomic variations* response for one experimental run, identified by its (unique) 'id'",
                "operationId": "potOneRunGenomicVariations",
                "requestBody": {
                    "content": {
                        "application/json": {
                            "schema": {
                                "$ref": "https://raw.githubusercontent.com/ga4gh-beacon/beacon-v2/main/framework/json/requests/beaconRequestBody.json"
                            }
                        }
                    },
                    "required": true
                },
                "responses": {
                    "200": {
                        "$ref": "#/components/responses/ResultsOKResponse"
                    },
                    "default": {
                        "content": {
                            "application/json": {
                                "schema": {
                                    "$ref": "https://raw.githubusercontent.com/ga4gh-beacon/beacon-v2/main/framework/json/responses/beaconErrorResponse.json"
                                }
                            }
                        },
                        "description": "An unsuccessful operation"
                    }
                },
                "tags": [
                    "POST Endpoints"
                ]
            }
        }
    },
    "servers": []
}